ID	구조	영문명	언제 쓰나(소재 조건)	어떻게 짜나(아크)	실패 모드	실행 모듈	근거·실증
CS-01	장르 문법 차용 · 실물 배반	Borrowed Genre, Betrayed Object	제안·정책·상품이 그럴듯한 말로 포장돼 있는데 실물이 그 말을 못 따라갈 때	그 분야 홍보영상 문법(도착·투어·조망·키비주얼)을 한 치도 안 비틀고 진지하게 모사한다. 바꾸는 건 실물 하나뿐. 웃음은 과장이 아니라 진지함과 실물의 낙차에서 나온다. 카메라가 「이것이 프리미엄이다」를 주장하고, 지면 실측이 그 주장을 배반한다	비트는 순간 죽는다 — 카메라가 조롱하면 낙차가 사라지고 그냥 코미디가 된다. 끝까지 진지해야 한다	M08 · M04 · AG-11 · VR-28 · VR-16 · LGT06	실행 실증 = 260812 「더 버스 팰리스」(폐버스 청년주택 · 30초 9컷 · 분양 광고 문법 모사)
CS-02	규모 뒤집기 · 미니어처화	Miniaturize the Power	권력·기관·대형 사업이 스스로를 거대하게 말할 때	틸트-시프트 초점 띠로 현장을 장난감 세상으로 만든다. 우러러보던 대상을 위에서 내려다보는 시점으로 옮기는 것 자체가 논평	피사체 식별이 떨어져 무엇을 비꼬는지 안 보일 수 있다	L18 · H04 · M21	모듈 주석 근거(L18 「풍자(권력 미니어처화) 활용 가치」) · 실행 미실증
CS-03	규모 뒤집기 · 블록버스터화	Blockbuster the Trivial	사소하거나 민망한 사건을 당사자가 크게 말할 때	2배 아나모픽·강한 수평 플레어·스코프 와이드로 대작 영화처럼 찍는다. 그릇의 크기와 내용물의 크기가 안 맞는 데서 논평이 생긴다	플레어가 과하면 산만해져 사건 자체가 안 읽힌다	L24 · S02~S03 · 야간 점광원	모듈 주석 근거(L24 「사소한 사건을 '블록버스터처럼' 과장하는 풍자」) · 실행 미실증
CS-04	한 프레임 폭로	Claim Near, Evidence Far	주장하는 쪽과 그 주장을 무너뜨리는 물증이 같은 자리에 있을 때	스플릿 디옵터로 가까운 주장자와 먼 증거를 동시에 또렷하게 잡는다. 편집으로 잇지 않고 한 프레임에 같이 둬야 관객이 스스로 잇는다	두 초점면 사이 경계선이 부자연스러우면 기법이 먼저 보인다	L20 · R01 · SG-11	모듈 주석 근거(L20 「폭로 기사(가까운 권력자+멀리 증거) 풍자 구도」) · 실행 미실증
CS-05	미화 초상의 배반	Romanticized Portrait	당사자가 과거의 영광·선의를 내세울 때	페츠발 회오리 보케·따뜻한 점광으로 고전 초상처럼 낭만화한다. 낭만화 자체가 과장이라 보는 순간 어색함이 논평이 된다	중심 밖 디테일이 소실돼 맥락이 사라진다	L21 · S08 · LGT03	모듈 주석 근거(L21 「권력자를 과장되게 '낭만화'하는 풍자 초상」) · 실행 미실증
CS-06	전후 대비	Promise Then Ruin	약속·계획이 있었고 그 결과가 이미 나와 있을 때	한 프레임을 갈라 한쪽에 약속·번영, 반대쪽에 현재·파탄을 둔다. 같은 인물·장소를 양쪽에 두되 색·질감·날씨를 반대로	두 쪽이 다른 장소처럼 보이면 대비가 아니라 두 장면이 된다	SG-01 · SG-24 · SG-08	모듈 근거(SG-01 전/후 대비 · SG-24 시대의 끝) · 실행 미실증
CS-07	두 얼굴	Two-Faced Duality	말과 행동이 갈리는 인물·조직이 소재일 때	같은 인물의 두 얼굴을 한 화면에 둔다. 표정 근육을 진짜와 가짜로 갈라 연출하면 말없이도 갈림이 읽힌다	둘 다 어정쩡하면 그냥 표정이 애매한 사람이 된다	SG-16 · EM-01 · EM-02 · LGT05	모듈 근거(SG-16 · EM 「진짜/가짜 미소 등 풍자 코어」) · 실행 미실증
CS-08	사조·시대 재연	Period Register	지금 벌어진 일이 옛날 어느 시절의 반복으로 읽힐 때	그 시절의 비주얼 코드로 통째로 찍는다. 시대를 옮기는 것 자체가 「이건 이미 겪은 일이다」라는 논평	재연이 예뻐지기만 하면 향수가 되고 논평이 사라진다	FM-01~FM-20 · ERA-01~ERA-19	모듈 주석 근거(FM 「풍자 재연 레지스터」 · ERA 「시대극 풍자」) · 실행 미실증
CS-09	소리로 배반하기	Sound Betrays	화면은 그럴듯한데 그 그럴듯함을 소리 하나로 무너뜨릴 수 있을 때	음악을 진지하게 깔다가 결정적 순간에 급정지시키거나, 동작마다 소리를 붙여 과장한다. 화면은 안 건드리고 소리만으로 태도를 뒤집는다	소리 지시가 창구에서 무시될 수 있다 — 산출 트랙을 직접 다루는 쪽이 확실하다	AU-05 · AU-06 · AU-08	모듈 주석 근거(10_audio_music 「풍자 무기 = AU-05·06·08」) · 실행 미실증
